{
  "baseline_confidence": 0.6622027158737183,
  "attacks": {
    "fgsm_eps_0.01": {
      "confidence": 0.9621089696884155,
      "drop": -0.29990625381469727
    },
    "fgsm_eps_0.03": {
      "confidence": 0.9990148544311523,
      "drop": -0.3368121385574341
    },
    "fgsm_eps_0.07": {
      "confidence": 0.3965405523777008,
      "drop": 0.26566216349601746
    },
    "pgd_eps_0.03": {
      "confidence": 0.0,
      "drop": 0.6622027158737183
    }
  }
}