{
  "reference_input": "zeros(1, 3, 299, 299)",
  "output_raw": [
    [
      1.6866817474365234,
      -1.7880210876464844
    ]
  ],
  "output_shape": [
    1,
    2
  ],
  "fake_prob": 0.9699593186378479,
  "real_prob": 0.030040644109249115
}